-- CLEAN REFINED SEED DATA

BEGIN;


INSERT INTO profiles (id, language, full_name, email, phone, location, facebook_url, birthdate)
VALUES ('fa120a82-c370-4eaf-a81a-42d834cad94f', 'en', 'Doan Quang Thai', 'qthai02012001@gmail.com', '0888575541', 'Lai The 2, My Thuong Ward, Hue City', 'https://www.facebook.com/iaht0201', '02-01-2001');
INSERT INTO experiences (profile_id, company, position, location, start_date, end_date, description, achievements) VALUES ('fa120a82-c370-4eaf-a81a-42d834cad94f', 'Freelancer', 'Developer, Tester, Automation', 'Hue, Vietnam', '06/2009', 'Present', 'Full-stack website development for businesses, participating in small testing projects, and building automation systems with n8n or Python.', ARRAY['Developed and optimized SEO-friendly e-commerce websites', 'Participated in testing for small projects and crypto platforms', 'Built automation tools to serve business needs']);
INSERT INTO experiences (profile_id, company, position, location, start_date, end_date, description, achievements) VALUES ('fa120a82-c370-4eaf-a81a-42d834cad94f', '3S HUE Intersoft', 'Developer', 'Hue, Vietnam', '2022', '03/2025', 'Worked as a developer through different phases: web intern, Flutter mobile developer, and freelancer.', ARRAY['Developed and optimized web applications', 'Built and deployed Flutter applications', 'Contributed to the company’s freelance projects']);
INSERT INTO experiences (profile_id, company, position, location, start_date, end_date, description, achievements) VALUES ('fa120a82-c370-4eaf-a81a-42d834cad94f', 'STDIO Hue', 'ReactJS Intern', 'Hue, Vietnam', '2021', '2022', 'Participated in ReactJS internship projects, learning and improving web development skills.', ARRAY['Supported building web interfaces with ReactJS', 'Worked in team projects', 'Improved frontend and web programming skills']);
INSERT INTO projects (profile_id, name, description, technologies, live_url, github_url, live_urls) VALUES ('fa120a82-c370-4eaf-a81a-42d834cad94f', 'Flonova n8n Automation', 'Built a responsive landing page for Flonova’s n8n automation services, serving as the developer. Implemented the UI in React and used Supabase for data and backend services.', ARRAY['Reactjs', 'Supabase'], 'https://flonova.io.vn/', NULL, NULL);
INSERT INTO projects (profile_id, name, description, technologies, live_url, github_url, live_urls) VALUES ('fa120a82-c370-4eaf-a81a-42d834cad94f', 'Hathi cosmetic', 'Developed an SEO-friendly e-commerce website as a full-stack developer.', ARRAY['Nextjs', 'PostgreSQL'], 'https://hathibeauty.com/', NULL, NULL);
INSERT INTO projects (profile_id, name, description, technologies, live_url, github_url, live_urls) VALUES ('fa120a82-c370-4eaf-a81a-42d834cad94f', 'YouTube crawling & script design', 'Used n8n, Excel, and AI (Gemini, ChatGPT, Supadata, …) to collect competitor channel data and auto-generate new script ideas.', ARRAY['N8N', 'Gemini', 'Supadata', 'Excel', 'ChatGPT'], NULL, NULL, NULL);
INSERT INTO projects (profile_id, name, description, technologies, live_url, github_url, live_urls) VALUES ('fa120a82-c370-4eaf-a81a-42d834cad94f', 'MED IOT', 'Developed & optimized UI, fixed UI/UX issues, and integrated APIs for a desktop application.', ARRAY['Flutter', 'Dart', 'API Integration'], NULL, NULL, NULL);
INSERT INTO projects (profile_id, name, description, technologies, live_url, github_url, live_urls) VALUES ('fa120a82-c370-4eaf-a81a-42d834cad94f', 'DJC', 'Built UI/UX, optimized performance, deployed Flutter app to Apple Store & Google Play; fixed web bugs and video features with Python & JavaScript.', ARRAY['Flutter', 'Dart', 'Python', 'JavaScript'], NULL, NULL, ARRAY['https://play.google.com/store/apps/details?id=com.app.djc_ddl', 'https://apps.apple.com/us/app/djc/id1559700733']);
INSERT INTO projects (profile_id, name, description, technologies, live_url, github_url, live_urls) VALUES ('fa120a82-c370-4eaf-a81a-42d834cad94f', 'HueJobs', 'Developed a recruitment application as a Flutter Developer, building UI/UX and connecting data.', ARRAY['Flutter', 'Dart'], NULL, 'https://github.com/iaht0201/huejob-s', NULL);
INSERT INTO projects (profile_id, name, description, technologies, live_url, github_url, live_urls) VALUES ('fa120a82-c370-4eaf-a81a-42d834cad94f', 'HIENNGUYEN SOPRANO', 'Developed a personal website as a freelancer; built UI/UX and optimized the portfolio site.', ARRAY['HTML', 'CSS', 'JavaScript'], 'https://hiennguyensoprano.com/', NULL, NULL);
INSERT INTO projects (profile_id, name, description, technologies, live_url, github_url, live_urls) VALUES ('fa120a82-c370-4eaf-a81a-42d834cad94f', 'MotChill - Movie app', 'Developed website and mobile application for movie streaming; implemented video playback, optimized UI, and handled system operations.', ARRAY['Flutter', 'Dart', 'JavaScript', 'HTML', 'SCSS'], 'https://motchill-iaht.vercel.app/', NULL, NULL);
INSERT INTO skills (profile_id, category, name) VALUES ('fa120a82-c370-4eaf-a81a-42d834cad94f', 'programming_languages', 'Dart');
INSERT INTO skills (profile_id, category, name) VALUES ('fa120a82-c370-4eaf-a81a-42d834cad94f', 'programming_languages', 'JavaScript');
INSERT INTO skills (profile_id, category, name) VALUES ('fa120a82-c370-4eaf-a81a-42d834cad94f', 'programming_languages', 'Python');
INSERT INTO skills (profile_id, category, name) VALUES ('fa120a82-c370-4eaf-a81a-42d834cad94f', 'frameworks', 'Flutter');
INSERT INTO skills (profile_id, category, name) VALUES ('fa120a82-c370-4eaf-a81a-42d834cad94f', 'frameworks', 'ReactJS');
INSERT INTO skills (profile_id, category, name) VALUES ('fa120a82-c370-4eaf-a81a-42d834cad94f', 'databases', 'PostgreSQL');
INSERT INTO skills (profile_id, category, name) VALUES ('fa120a82-c370-4eaf-a81a-42d834cad94f', 'databases', 'SQL Server');
INSERT INTO skills (profile_id, category, name) VALUES ('fa120a82-c370-4eaf-a81a-42d834cad94f', 'cloud_platforms', 'Docker');
INSERT INTO skills (profile_id, category, name) VALUES ('fa120a82-c370-4eaf-a81a-42d834cad94f', 'cloud_platforms', 'Supabase');
INSERT INTO skills (profile_id, category, name) VALUES ('fa120a82-c370-4eaf-a81a-42d834cad94f', 'tools', 'Git');
INSERT INTO skills (profile_id, category, name) VALUES ('fa120a82-c370-4eaf-a81a-42d834cad94f', 'tools', 'Postman');
INSERT INTO skills (profile_id, category, name) VALUES ('fa120a82-c370-4eaf-a81a-42d834cad94f', 'soft_skills', 'Problem Solving');
INSERT INTO skills (profile_id, category, name) VALUES ('fa120a82-c370-4eaf-a81a-42d834cad94f', 'soft_skills', 'Communication');
INSERT INTO skills (profile_id, category, name) VALUES ('fa120a82-c370-4eaf-a81a-42d834cad94f', 'soft_skills', 'Teamwork');
INSERT INTO skills (profile_id, category, name) VALUES ('fa120a82-c370-4eaf-a81a-42d834cad94f', 'soft_skills', 'Self-learning and knowledge sharing');
INSERT INTO education (profile_id, institution, field_of_study, degree, graduation_date, gpa) VALUES ('fa120a82-c370-4eaf-a81a-42d834cad94f', 'Hue University of Sciences', 'Information Technology', NULL, NULL, '3.0/4.0');

INSERT INTO profiles (id, language, full_name, email, phone, location, facebook_url, birthdate)
VALUES ('b2ddfa86-bd1c-4552-8840-446d2414379f', 'vi', 'Đoàn Quang Thái', 'qthai02012001@gmail.com', '0888575541', 'Lại Thế 2, Phường Mỹ Thượng, Tp Huế', 'https://www.facebook.com/iaht0201', '02-01-2001');
INSERT INTO experiences (profile_id, company, position, location, start_date, end_date, description, achievements) VALUES ('b2ddfa86-bd1c-4552-8840-446d2414379f', 'Freelancer', 'Developer, Tester, Automation', 'Huế, Việt Nam', '06/2009', 'Hiện tại', 'Vai trò full‑stack website cho doanh nghiệp, tham gia các dự án tester nhỏ và xây dựng hệ thống automation bằng n8n hoặc Python.', ARRAY['Phát triển và tối ưu website thương mại điện tử chuẩn SEO', 'Tham gia tester cho các dự án nhỏ và sàn crypto', 'Xây dựng các tool tự động hóa phục vụ doanh nghiệp']);
INSERT INTO experiences (profile_id, company, position, location, start_date, end_date, description, achievements) VALUES ('b2ddfa86-bd1c-4552-8840-446d2414379f', '3S HUE Intersoft', 'Developer', 'Huế, Việt Nam', '2022', '03/2025', 'Tham gia với vai trò developer qua các giai đoạn: intern web, developer mobile Flutter và freelancer.', ARRAY['Phát triển và tối ưu ứng dụng web', 'Xây dựng và triển khai ứng dụng Flutter', 'Tham gia dự án freelance của công ty']);
INSERT INTO experiences (profile_id, company, position, location, start_date, end_date, description, achievements) VALUES ('b2ddfa86-bd1c-4552-8840-446d2414379f', 'STDIO Hue', 'Thực tập sinh ReactJS', 'Huế, Việt Nam', '2021', '2022', 'Tham gia các dự án thực tập ReactJS, học hỏi và nâng cao kiến thức phát triển website.', ARRAY['Hỗ trợ xây dựng giao diện web với ReactJS', 'Làm việc nhóm trong các dự án nội bộ', 'Nâng cao kỹ năng frontend và lập trình web']);
INSERT INTO projects (profile_id, name, description, technologies, live_url, github_url, live_urls) VALUES ('b2ddfa86-bd1c-4552-8840-446d2414379f', 'Flonova n8n Automation', 'Xây dựng landing page cho dịch vụ tự động hóa n8n của Flonova với vai trò developer. Triển khai giao diện bằng React và sử dụng Supabase cho dữ liệu và dịch vụ backend.', ARRAY['React', 'Supabase'], 'https://flonova.io.vn/', NULL, NULL);
INSERT INTO projects (profile_id, name, description, technologies, live_url, github_url, live_urls) VALUES ('b2ddfa86-bd1c-4552-8840-446d2414379f', 'Hathi cosmetic', 'Xây dựng website thương mại điện tử chuẩn SEO với vai trò full‑stack.', ARRAY['Nextjs', 'PostgreSQL'], 'https://hathibeauty.com/', NULL, NULL);
INSERT INTO projects (profile_id, name, description, technologies, live_url, github_url, live_urls) VALUES ('b2ddfa86-bd1c-4552-8840-446d2414379f', 'Crawl YouTube thiết kế kịch bản', 'Sử dụng n8n, Excel, AI (Gemini, ChatGPT, Supadata, …) để lấy dữ liệu kênh đối thủ và tự động tạo ý tưởng kịch bản mới.', ARRAY['N8N', 'Gemini', 'Supadata', 'Excel', 'ChatGPT'], NULL, NULL, NULL);
INSERT INTO projects (profile_id, name, description, technologies, live_url, github_url, live_urls) VALUES ('b2ddfa86-bd1c-4552-8840-446d2414379f', 'MED IOT', 'Phát triển & tối ưu giao diện, sửa lỗi UI/UX và tích hợp API cho ứng dụng desktop.', ARRAY['Flutter', 'Dart', 'API Integration'], NULL, NULL, NULL);
INSERT INTO projects (profile_id, name, description, technologies, live_url, github_url, live_urls) VALUES ('b2ddfa86-bd1c-4552-8840-446d2414379f', 'DJC', 'Xây dựng UI/UX, tối ưu hiệu năng, triển khai app Flutter lên Apple Store & CH Play; fix bug web và tính năng video bằng Python & JavaScript.', ARRAY['Flutter', 'Dart', 'Python', 'JavaScript'], NULL, NULL, ARRAY['https://play.google.com/store/apps/details?id=com.app.djc_ddl', 'https://apps.apple.com/us/app/djc/id1559700733']);
INSERT INTO projects (profile_id, name, description, technologies, live_url, github_url, live_urls) VALUES ('b2ddfa86-bd1c-4552-8840-446d2414379f', 'HueJobs', 'Phát triển ứng dụng tuyển dụng với vai trò Flutter Developer, xây dựng UI/UX và kết nối dữ liệu.', ARRAY['Flutter', 'Dart'], NULL, 'https://github.com/iaht0201/huejob-s', NULL);
INSERT INTO projects (profile_id, name, description, technologies, live_url, github_url, live_urls) VALUES ('b2ddfa86-bd1c-4552-8840-446d2414379f', 'HIENNGUYEN SOPRANO', 'Phát triển website cá nhân với vai trò freelancer, xây dựng UI/UX và tối ưu website.', ARRAY['HTML', 'CSS', 'JavaScript'], 'https://hiennguyensoprano.com/', NULL, NULL);
INSERT INTO projects (profile_id, name, description, technologies, live_url, github_url, live_urls) VALUES ('b2ddfa86-bd1c-4552-8840-446d2414379f', 'MotChill - App xem phim', 'Xây dựng website và ứng dụng xem phim; phát triển tính năng phát video, tối ưu giao diện và vận hành hệ thống.', ARRAY['Flutter', 'Dart', 'JavaScript', 'HTML', 'SCSS'], 'https://motchill-iaht.vercel.app/', NULL, NULL);
INSERT INTO skills (profile_id, category, name) VALUES ('b2ddfa86-bd1c-4552-8840-446d2414379f', 'programming_languages', 'Dart');
INSERT INTO skills (profile_id, category, name) VALUES ('b2ddfa86-bd1c-4552-8840-446d2414379f', 'programming_languages', 'JavaScript');
INSERT INTO skills (profile_id, category, name) VALUES ('b2ddfa86-bd1c-4552-8840-446d2414379f', 'programming_languages', 'Python');
INSERT INTO skills (profile_id, category, name) VALUES ('b2ddfa86-bd1c-4552-8840-446d2414379f', 'frameworks', 'Flutter');
INSERT INTO skills (profile_id, category, name) VALUES ('b2ddfa86-bd1c-4552-8840-446d2414379f', 'frameworks', 'ReactJs');
INSERT INTO skills (profile_id, category, name) VALUES ('b2ddfa86-bd1c-4552-8840-446d2414379f', 'databases', 'PostgreSQL');
INSERT INTO skills (profile_id, category, name) VALUES ('b2ddfa86-bd1c-4552-8840-446d2414379f', 'databases', 'SQL Server');
INSERT INTO skills (profile_id, category, name) VALUES ('b2ddfa86-bd1c-4552-8840-446d2414379f', 'cloud_platforms', 'Docker');
INSERT INTO skills (profile_id, category, name) VALUES ('b2ddfa86-bd1c-4552-8840-446d2414379f', 'cloud_platforms', 'Supabase');
INSERT INTO skills (profile_id, category, name) VALUES ('b2ddfa86-bd1c-4552-8840-446d2414379f', 'tools', 'Git');
INSERT INTO skills (profile_id, category, name) VALUES ('b2ddfa86-bd1c-4552-8840-446d2414379f', 'tools', 'Postman');
INSERT INTO skills (profile_id, category, name) VALUES ('b2ddfa86-bd1c-4552-8840-446d2414379f', 'soft_skills', 'Giải quyết vấn đề');
INSERT INTO skills (profile_id, category, name) VALUES ('b2ddfa86-bd1c-4552-8840-446d2414379f', 'soft_skills', 'Giao tiếp');
INSERT INTO skills (profile_id, category, name) VALUES ('b2ddfa86-bd1c-4552-8840-446d2414379f', 'soft_skills', 'Có khả năng làm việc nhóm');
INSERT INTO skills (profile_id, category, name) VALUES ('b2ddfa86-bd1c-4552-8840-446d2414379f', 'soft_skills', 'Có khả năng tự học hỏi và chia sẻ');
INSERT INTO education (profile_id, institution, field_of_study, degree, graduation_date, gpa) VALUES ('b2ddfa86-bd1c-4552-8840-446d2414379f', 'Đại Học Khoa Học Huế', 'Công nghệ thông tin', NULL, NULL, '3.0/4.0');
INSERT INTO cv_variants (profile_id, slug, language, position, summary) VALUES ('fa120a82-c370-4eaf-a81a-42d834cad94f', 'brightchamps', 'en', 'Teacher Coding Online', 'I have several years of experience as a software developer, tester, and automation developer. In parallel, I have supported and guided interns and clients throughout project development, explaining technical concepts and providing internal training when needed. I am proficient in Python, HTML/CSS/JavaScript, Dart, and Flutter. I am eager to join BrightChamps as an Online Coding Instructor to teach programming to students aged 6–16, delivering lessons that are clear, engaging, and effective.');
INSERT INTO cv_variants (profile_id, slug, language, position, summary) VALUES ('b2ddfa86-bd1c-4552-8840-446d2414379f', 'brightchamps', 'vi', 'Giáo viên Coding Online', 'Tôi có kinh nghiệm nhiều năm làm lập trình viên, tester và automation developer. Song song đó, tôi có kinh nghiệm hướng dẫn, hỗ trợ các bạn thực tập, khách hàng trong quá trình phát triển dự án, giải thích kỹ thuật, và đào tạo nội bộ. Tôi thành thạo Python, HTML/CSS/JS, Dart, Flutter. Tôi mong muốn trở thành Giáo viên Coding Online tại BrightChamps để giảng dạy lập trình cho học sinh 6–16 tuổi, mang đến trải nghiệm học tập dễ hiểu, vui vẻ và hiệu quả.');
INSERT INTO cv_variants (profile_id, slug, language, position, summary) VALUES ('fa120a82-c370-4eaf-a81a-42d834cad94f', 'data', 'en', 'Account Creation Staff', 'I am applying for the Account Creation Staff position, bringing carefulness, persistence, and a strong sense of responsibility to my work. With an IT background and freelance experience in programming and automation, I am capable of handling tasks accurately, efficiently, and in compliance with established processes. I am also learning more about MMO operations, giving me practical exposure to proxy, VPN, and related tools. If the company is interested, I am ready to discuss further. I believe I can quickly adapt to new tasks and perform well in this role.');
INSERT INTO cv_variants (profile_id, slug, language, position, summary) VALUES ('b2ddfa86-bd1c-4552-8840-446d2414379f', 'data', 'vi', 'Nhân viên tạo tài khoản', 'Tôi mong muốn ứng tuyển vị trí Nhân viên tạo tài khoản của công ty, với tinh thần cẩn thận, kiên trì và trách nhiệm trong công việc. Với nền tảng CNTT cùng kinh nghiệm làm việc tự do trong lĩnh vực lập trình và tự động hóa, tôi có khả năng xử lý thao tác nhanh, chính xác và tuân thủ quy trình. Hiện tại tôi cũng đang tìm hiểu thêm về MMO nên có kinh nghiệm tiếp xúc với proxy, VPN và một số công cụ hỗ trợ liên quan. Nếu công ty quan tâm, tôi rất sẵn sàng trao đổi thêm. Tôi tin rằng mình có thể thích ứng nhanh với công việc mới và hoàn thành tốt các nhiệm vụ được giao.');
INSERT INTO cv_variants (profile_id, slug, language, position, summary) VALUES ('fa120a82-c370-4eaf-a81a-42d834cad94f', 'freelancer-flutter', 'en', 'Flutter Developer', 'Flutter developer with 2 years of experience in building and developing cross-platform mobile applications. Proficient in state management using BLoC and Provider. Currently seeking remote opportunities where I can leverage my skills and programming mindset to effectively contribute to the company’s projects.');
INSERT INTO cv_variants (profile_id, slug, language, position, summary) VALUES ('b2ddfa86-bd1c-4552-8840-446d2414379f', 'freelancer-flutter', 'vi', 'Flutter Developer', 'Là một lập trình viên Flutter với 2 năm kinh nghiệm xây dựng và phát triển ứng dụng di động đa nền tảng. Thành thạo trong quản lý trạng thái bằng BLoC và Provider. Hiện tôi mong muốn tìm kiếm cơ hội làm việc remote, nơi tôi có thể tận dụng kinh nghiệm và tư duy lập trình để đóng góp hiệu quả vào các dự án của khách hàng.');
INSERT INTO cv_variants (profile_id, slug, language, position, summary) VALUES ('fa120a82-c370-4eaf-a81a-42d834cad94f', 'freelancer', 'en', 'Freelancer', 'As a freelancer, I am seeking additional stable opportunities to ensure long-term income. With a programming background, I am confident in my ability to successfully handle the tasks assigned by __COMPANY__.');
INSERT INTO cv_variants (profile_id, slug, language, position, summary) VALUES ('b2ddfa86-bd1c-4552-8840-446d2414379f', 'freelancer', 'vi', 'Freelancer', 'Là một freelancer, tôi mong muốn tìm kiếm thêm cơ hội làm việc ổn định để đảm bảo thu nhập lâu dài. Với nền tảng lập trình, tôi tự tin có thể thực hiện tốt công việc mà khách hàng đưa ra.');
INSERT INTO cv_variants (profile_id, slug, language, position, summary) VALUES ('fa120a82-c370-4eaf-a81a-42d834cad94f', 'mmo', 'en', 'Account Creation Staff', 'I am applying for the Account Creation Staff position, bringing carefulness, persistence, and a strong sense of responsibility to my work. With an IT background and freelance experience in programming and automation, I am capable of handling tasks accurately, efficiently, and in compliance with established processes. I am also learning more about MMO operations, giving me practical exposure to proxy, VPN, and related tools. If the company is interested, I am ready to discuss further. I believe I can quickly adapt to new tasks and perform well in this role.');
INSERT INTO cv_variants (profile_id, slug, language, position, summary) VALUES ('b2ddfa86-bd1c-4552-8840-446d2414379f', 'mmo', 'vi', 'Nhân viên tạo tài khoản', 'Tôi mong muốn ứng tuyển vị trí Nhân viên tạo tài khoản của công ty, với tinh thần cẩn thận, kiên trì và trách nhiệm trong công việc. Với nền tảng CNTT cùng kinh nghiệm làm việc trong lĩnh vực lập trình và tự động hóa, tôi có khả năng xử lý thao tác nhanh, chính xác và tuân thủ quy trình. Hiện tại tôi cũng đang tìm hiểu thêm về MMO nên có kinh nghiệm tiếp xúc với proxy, VPN và một số công cụ hỗ trợ liên quan. Nếu công ty quan tâm, tôi rất sẵn sàng trao đổi thêm. Tôi tin rằng mình có thể thích ứng nhanh với công việc mới và hoàn thành tốt các nhiệm vụ được giao.');
INSERT INTO cv_variants (profile_id, slug, language, position, summary) VALUES ('fa120a82-c370-4eaf-a81a-42d834cad94f', 'n8n', 'en', 'N8n Developer', 'I am applying for an n8n-related position, especially Automation Developer, leveraging my experience as a programmer and freelancer in mobile, web, automation, and AI, along with hands-on n8n exploration to build automated workflows, analyze processes, integrate APIs, optimize system performance, and support additional roles such as web/tool development or business analysis when needed.');
INSERT INTO cv_variants (profile_id, slug, language, position, summary) VALUES ('b2ddfa86-bd1c-4552-8840-446d2414379f', 'n8n', 'vi', 'N8n Developer', 'Tôi mong muốn ứng tuyển vào vị trí liên quan đến n8n, đặc biệt là Automation Developer. Với kinh nghiệm nhiều năm làm lập trình viên và freelancer trong các mảng mobile, web, automation và AI, cùng với việc đã tìm hiểu và thử nghiệm n8n trong các quy trình tự động hóa, tôi tin rằng mình có thể nhanh chóng thích ứng và đóng góp hiệu quả cho đội ngũ. Tôi có khả năng phân tích quy trình, xây dựng workflow tự động hóa, tích hợp API, mô phỏng hành vi người dùng và tối ưu hóa hiệu suất hệ thống. Bên cạnh đó, nền tảng kỹ thuật vững chắc giúp tôi có thể hỗ trợ thêm ở các vai trò xây dựng web/tool hoặc tham gia phân tích nghiệp vụ (BA) khi cần thiết.');
INSERT INTO cv_variants (profile_id, slug, language, position, summary) VALUES ('fa120a82-c370-4eaf-a81a-42d834cad94f', 'reikei', 'en', 'Flutter Developer', 'A Flutter developer with 2 years of experience in building and developing cross-platform mobile applications. Proficient in state management using BLoC and Provider, skilled in designing user-friendly UI/UX, optimizing performance, and delivering applications from concept to production. Experienced in working independently as well as collaborating in teams, familiar with remote workflows and flexible time management. Always ready to support clients’ projects with strong programming mindset, responsibility, and the drive to deliver high-quality products.');
INSERT INTO cv_variants (profile_id, slug, language, position, summary) VALUES ('b2ddfa86-bd1c-4552-8840-446d2414379f', 'reikei', 'vi', 'Flutter Developer', 'Là một Flutter với 2 năm kinh nghiệm xây dựng và phát triển ứng dụng di động đa nền tảng. Thành thạo trong quản lý trạng thái bằng BLoC và Provider, thiết kế UI/UX thân thiện, tối ưu hiệu năng và triển khai ứng dụng từ giai đoạn ý tưởng đến sản phẩm hoàn chỉnh. Có kinh nghiệm làm việc độc lập cũng như phối hợp trong nhóm, quen thuộc với quy trình làm việc remote và quản lý thời gian linh hoạt. Tôi luôn sẵn sàng hỗ trợ các dự án của khách hàng với tư duy lập trình chặt chẽ, tinh thần trách nhiệm và mong muốn tạo ra sản phẩm chất lượng.');
INSERT INTO cv_variants (profile_id, slug, language, position, summary) VALUES ('fa120a82-c370-4eaf-a81a-42d834cad94f', 'tester-game', 'en', 'Tester game', 'I am a mobile, web, and automation AI developer with experience testing crypto platforms and various games, and I’m eager to apply for a Game Tester role or any position where my skills can contribute.');
INSERT INTO cv_variants (profile_id, slug, language, position, summary) VALUES ('b2ddfa86-bd1c-4552-8840-446d2414379f', 'tester-game', 'vi', 'Tester game', 'Tôi mong muốn ứng tuyển vào vị trí Game Tester. Hiện tôi là một freelancer phát triển mobile, web, automation và AI, đồng thời có kinh nghiệm test thực tế trên các sàn giao dịch crypto và một số tựa game. Tôi có khả năng phân tích lỗi, kiểm thử tính năng, mô phỏng hành vi người dùng và đánh giá trải nghiệm sản phẩm. Bên cạnh kiến thức về lập trình và tự động hóa, tôi có tư duy logic, khả năng học nhanh và luôn sẵn sàng tiếp thu công nghệ mới. Tôi rất mong được gửi CV để công ty xem qua. Ngoài vị trí Game Tester, nếu công ty thấy tôi phù hợp với một vai trò khác, tôi cũng luôn sẵn lòng thử sức. Tôi tin rằng sự chủ động, kiên trì và nền tảng kỹ thuật của mình sẽ mang lại giá trị cho đội ngũ.');
INSERT INTO cv_variants (profile_id, slug, language, position, summary) VALUES ('fa120a82-c370-4eaf-a81a-42d834cad94f', 'tong-quan', 'en', 'Freelancer', 'Mobile developer with 2 years of experience in Flutter application development, committed to continuous learning, advancing technical expertise, and transforming innovative ideas into valuable products.');
INSERT INTO cv_variants (profile_id, slug, language, position, summary) VALUES ('b2ddfa86-bd1c-4552-8840-446d2414379f', 'tong-quan', 'vi', 'Freelancer', 'Là một lập trình viên mobile với 2 năm kinh nghiệm phát triển ứng dụng Flutter, mong muốn không ngừng học hỏi, nâng cao kỹ năng chuyên môn và hiện thực hóa những ý tưởng sáng tạo thành sản phẩm hữu ích.');

COMMIT;